Title,Price,Rating,Reviews,Availability
Sony Playstation PS4 1TB Black Console,$307.24,4.6 out of 5 stars,"1,374 ratings",In Stock
Newest Sony Playstation 4 Slim 1TB SSD Console - Marvel's Spider-Man PS4 Bundle with DualShock-4 Wireless Controller,Page 1 of 1,4.4 out of 5 stars,307 ratings,Not Available
"Flagship Newest Play Station 4 1TB HDD Only on Playstation PS4 Console Slim Bundle with Three Games: The Last of Us, God of War, Horizon Zero Dawn 1TB HDD Dualshock 4 Wireless Controller -Jet Black",Page 1 of 1,4.5 out of 5 stars,198 ratings,Not Available
"Playstation Sony 4, 500GB Slim System [CUH-2215AB01], Black, 3003347",Page 1 of 1,4.5 out of 5 stars,338 ratings,Not Available
RPlay Play-Station 4 PS4 1TB Slim Edition Jet Black With 1 Wireless Controller,Page 1 of 1,4.1 out of 5 stars,39 ratings,Not Available
PlayStation®5 Digital Edition (slim),$449.00,4.7 out of 5 stars,"2,733 ratings",In Stock
PlayStation 4 500GB Console [Old Model][Discontinued],$154.25,4.6 out of 5 stars,"13,570 ratings",
Ys X: Nordics: Deluxe Edition - PlayStation 4,$59.99,Previous page of related Sponsored Products,,"This item will be released on December 31, 2024."
"MOVONE Wireless Controller Dual Vibration Game Joystick Controller for PS4/ Slim/Pro,Compatible with PS4 Console",$21.99,4.1 out of 5 stars,"1,131 ratings",In Stock
"Sony Playstation 4 w/ Accessories, 500GB, CUH-1115A - Glacier White",$279.99,3.7 out of 5 stars,38 ratings,Only 1 left in stock - order soon.
PlayStation 4 Slim 500GB Console [Discontinued],$338.98,4.5 out of 5 stars,"1,891 ratings",In Stock
"Charger Dock Station for PS4, 1.8 Hrs Fast Charging for PS4 Charging Station, with LED Indicator Charging Chip, Dual USB Charger Dock for PS4/PS4 Slim/PS4 Pro Charger",$9.99,4.6 out of 5 stars,"14,160 ratings",In Stock
PlayStation 4 Slim 1TB Console - Marvel's Spider-Man Bundle [Discontinued],$215.00,4.7 out of 5 stars,"2,814 ratings",Only 3 left in stock - order soon.
PlayStation 4 Slim 1TB Limited Edition Console - Days of Play Bundle [Discontinued],$326.69,4.6 out of 5 stars,812 ratings,Only 2 left in stock - order soon.
"Wireless Controller for PS4 with 2 Thumb Grips, 3.5mm Audio and Turbo Function, Purple Galaxy Custom Design V2 Gamepad Joystick for PS4, Compatible with PS4, Slim, Pro and Windows PC",$19.99,4.1 out of 5 stars,"1,423 ratings",In Stock
"Turtle Beach Stealth Pro Multiplatform Wireless Noise-Cancelling Gaming Headset for PS5, PS4, Playstation, PC, Mac, Switch, & Mobile – 50mm Speakers, Bluetooth, Dual Batteries – Black",$255.17,4.0 out of 5 stars,384 ratings,In Stock
"AceGamer Wireless Controller for PS4, Custom Design V2 Gamepad Joystick for PS4 with Non-Slip Grip of Both Sides and 3.5mm Audio Jack! Thumb Caps Included! (Pink-White)",$26.99,4.2 out of 5 stars,609 ratings,In Stock
"Playstation SONY 4, 500GB Slim System [CUH-2215AB01], Black, 3003347 (Renewed)",$234.99,4.5 out of 5 stars,405 ratings,In Stock
Playstation 2 Console - Black (Renewed),$209.99,4.1 out of 5 stars,347 ratings,Only 3 left in stock - order soon.
PlayStation 2 Console (Slim Line Version 1) (Renewed),$193.77,3.8 out of 5 stars,297 ratings,In Stock
Rolling Universal Gaming Backpack for Xbox One X/S/Playstation 4 Slim/PS4/XB1/XB360/PS3,$79.99,3.7 out of 5 stars,50 ratings,In Stock
"Replacement Astro A40 A10 A30 A50 Gaming Headset 3.5mm Audio Cable Extension Cord, Playstation 4 PS4, MixAmp, PC Gaming and Smartphone, No Mute & Volume Control Button (Black)",$11.98,3.9 out of 5 stars,12 ratings,Only 7 left in stock - order soon.
"Stand for PS5 Slim Console with 4-Port USB Hub, Horizontal PS5 Slim Stand for Playstation 5 Slim Disc/Digital, Base PS5 Slim Holder Accessories with Controller Charging, White",$15.99,Previous page of related Sponsored Products,,In Stock
